Title,Price
"Prime100 Kangaroo Fillets Dog Treats",$6.75
"Bell and Bone - Collagen Chew Sticks - Beef",$11.60
"Laila & Me Dried Australian Chicken Jerky Dog Treat",$11.69
"Greenies Cat Treats Dental Salmon 130g",$14.84
"Royal Canin Veterinary Diet Cat Urinary s/o Pouches 12 x 85gm",$32.50
"Royal Canin Veterinary Diet Satiety Weight Management Dog Dry Food",$104.50
"Royal Canin Veterinary Diet Gastrointestinal High Fibre Dog Dry Food",$42.50
"Royal Canin Veterinary Diet Early Renal Senior Cat Dry Food",$38.50
"Hill's Prescription Diet Metabolic Dog Dry Food",$86.99
"Hill's Science Diet Adult 11+ Chicken Cat food",$33.96
"Hill's Science Diet Adult Large Breed Chicken & Barley Dog Dry Food",$125.99
"Hill's Prescription C/D Stress Chicken Urinary Care Cat Food 12 x 85gm pouches",$38.00
"Hill's Science Diet Adult Sensitive Stomach & Skin Chicken Recipe Dog Dry Food",$31.77
"Hill's Prescription Diet Gastrointestinal Biome Cat Dry Food",$52.50
